{
  "map": {
    "occupancy": {
      "cell_size": 0.1,
      "filename": "apps/assets/maps/nvpunefloor6.png"
    },
    "waypoints": {
      "tick_period": "1.0",
      "vis_cell_size": 0.1,
      "waypoints": {
        "_home": {
          "color": [
            255.0,
            128.0,
            0.0
          ],
          "pose": [
            0.02499446583340057,
            -0.0,
            -0.0,
            -0.9996875895387034,
            23.0473,
            41.6446,
            0.0
          ],
          "radius": 1.0
        },
        "bageshri": {
          "color": [
            220.0,
            16.0,
            16.0
          ],
          "pose": [
            0.0,
            0.0,
            0.0,
            1.0,
            25.8493,
            29.11253,
            0.0075
          ],
          "radius": 0.5
        },
        "bhairavi": {
          "color": [
            32.0,
            220.0,
            64.0
          ],
          "pose": [
            1.0,
            0.0,
            0.0,
            0.0,
            32.685,
            44.7914,
            -3.1021
          ],
          "radius": 1.0
        },
        "comms lab": {
          "color": [
            220.0,
            16.0,
            16.0
          ],
          "pose": [
            0.7429351561114297,
            -0.0,
            -0.0,
            -0.6693633944380928,
            39.9245,
            67.6242,
            0.0
          ],
          "radius": 0.5
        },
        "dhaivat": {
          "color": [
            220.0,
            16.0,
            16.0
          ],
          "pose": [
            0.7105851478225758,
            -0.0,
            -0.0,
            -0.703611219135943,
            28.825900000000004,
            34.3779,
            0.0
          ],
          "radius": 0.5
        },
        "gandhar": {
          "color": [
            220.0,
            16.0,
            16.0
          ],
          "pose": [
            0.9991503720330496,
            0.0,
            0.0,
            0.04121327536387793,
            31.652900000000002,
            64.9012,
            0.0
          ],
          "radius": 0.5
        },
        "home": {
          "color": [
            220.0,
            16.0,
            16.0
          ],
          "pose": [
            0.9999905860459335,
            0.0,
            0.0,
            0.004339103537652987,
            50.559102223962846,
            42.28680033608458,
            0.0
          ],
          "radius": 0.7599119989304101
        },
        "kitchen": {
          "color": [
            255.0,
            0.0,
            0.0
          ],
          "pose": [
            0.032303431419461334,
            -0.0,
            -0.0,
            -0.9994781079736205,
            51.50253392155682,
            71.20127994513659,
            0.0
          ],
          "radius": 1.0
        },
        "madhyam": {
          "color": [
            220.0,
            16.0,
            16.0
          ],
          "pose": [
            0.0,
            0.0,
            0.0,
            1.0,
            21.6251,
            62.0052,
            -0.0035
          ],
          "radius": 0.5
        },
        "nishad": {
          "color": [
            220.0,
            16.0,
            16.0
          ],
          "pose": [
            0.0,
            0.0,
            0.0,
            1.0,
            21.6394,
            60.554,
            0.0265
          ],
          "radius": 0.5
        },
        "pancham": {
          "color": [
            220.0,
            16.0,
            16.0
          ],
          "pose": [
            0.7314565087374865,
            -0.0,
            -0.0,
            -0.6818880962632853,
            27.1289,
            34.2456,
            0.0
          ],
          "radius": 0.5
        },
        "perf lab": {
          "color": [
            220.0,
            16.0,
            16.0
          ],
          "pose": [
            0.0,
            0.0,
            0.0,
            1.0,
            25.6312,
            27.726,
            -0.0028
          ],
          "radius": 0.5
        },
        "rishab": {
          "color": [
            220.0,
            16.0,
            16.0
          ],
          "pose": [
            0.9995236564430545,
            -0.0,
            -0.0,
            -0.030861954097346104,
            32.2221,
            61.391400000000004,
            0.0
          ],
          "radius": 0.5
        },
        "shadaj": {
          "color": [
            220.0,
            16.0,
            16.0
          ],
          "pose": [
            0.9999510963639698,
            0.0,
            0.0,
            0.00988963500311496,
            32.1752,
            57.908899999999996,
            0.0
          ],
          "radius": 0.5
        },
        "tilang": {
          "color": [
            220.0,
            16.0,
            16.0
          ],
          "pose": [
            0.7273330602307708,
            -0.0,
            -0.0,
            -0.6862846490308099,
            45.3145,
            68.0056,
            0.0
          ],
          "radius": 0.5
        },
        "yaman": {
          "color": [
            220.0,
            16.0,
            16.0
          ],
          "pose": [
            0.7382880402412026,
            -0.0,
            -0.0,
            -0.6744855592500142,
            17.7845,
            34.0576,
            0.0
          ],
          "radius": 0.5
        }
      }
    },
    "restricted_area": {
      "polygons": {
      },
      "tick_period": "1.0"
    }
  }
}
